ISIN,Date,Price,Model
AT0000999982,2023-09-25,3160.25,prod_arima
AT0000999982,2023-09-26,3161.58,prod_arima
AT0000999982,2023-09-27,3162.92,prod_arima
AT0000999982,2023-09-28,3164.26,prod_arima
AT0000999982,2023-09-29,3165.6,prod_arima
AT0000999982,2023-10-02,3166.94,prod_arima
AT0000999982,2023-10-03,3168.28,prod_arima
AT0000999982,2023-10-04,3169.62,prod_arima
AT0000999982,2023-10-05,3170.97,prod_arima
AT0000999982,2023-10-06,3172.31,prod_arima
AT0000743059,2023-09-25,45.23,prod_arima
AT0000743059,2023-09-26,45.25,prod_arima
AT0000743059,2023-09-27,45.28,prod_arima
AT0000743059,2023-09-28,45.3,prod_arima
AT0000743059,2023-09-29,45.33,prod_arima
AT0000743059,2023-10-02,45.36,prod_arima
AT0000743059,2023-10-03,45.38,prod_arima
AT0000743059,2023-10-04,45.41,prod_arima
AT0000743059,2023-10-05,45.43,prod_arima
AT0000743059,2023-10-06,45.46,prod_arima
AT0000937503,2023-09-25,26.07,prod_arima
AT0000937503,2023-09-26,26.01,prod_arima
AT0000937503,2023-09-27,25.96,prod_arima
AT0000937503,2023-09-28,25.9,prod_arima
AT0000937503,2023-09-29,25.85,prod_arima
AT0000937503,2023-10-02,25.8,prod_arima
AT0000937503,2023-10-03,25.74,prod_arima
AT0000937503,2023-10-04,25.69,prod_arima
AT0000937503,2023-10-05,25.64,prod_arima
AT0000937503,2023-10-06,25.58,prod_arima
AT0000652011,2023-09-25,32.49,prod_arima
AT0000652011,2023-09-26,32.53,prod_arima
AT0000652011,2023-09-27,32.56,prod_arima
AT0000652011,2023-09-28,32.6,prod_arima
AT0000652011,2023-09-29,32.63,prod_arima
AT0000652011,2023-10-02,32.66,prod_arima
AT0000652011,2023-10-03,32.7,prod_arima
AT0000652011,2023-10-04,32.73,prod_arima
AT0000652011,2023-10-05,32.77,prod_arima
AT0000652011,2023-10-06,32.8,prod_arima
AT0000746409,2023-09-25,79.17,prod_arima
AT0000746409,2023-09-26,79.14,prod_arima
AT0000746409,2023-09-27,79.11,prod_arima
AT0000746409,2023-09-28,79.08,prod_arima
AT0000746409,2023-09-29,79.05,prod_arima
AT0000746409,2023-10-02,79.02,prod_arima
AT0000746409,2023-10-03,78.99,prod_arima
AT0000746409,2023-10-04,78.97,prod_arima
AT0000746409,2023-10-05,78.94,prod_arima
AT0000746409,2023-10-06,78.91,prod_arima
AT0000922554,2023-09-25,30.54,prod_arima
AT0000922554,2023-09-26,30.54,prod_arima
AT0000922554,2023-09-27,30.54,prod_arima
AT0000922554,2023-09-28,30.54,prod_arima
AT0000922554,2023-09-29,30.54,prod_arima
AT0000922554,2023-10-02,30.54,prod_arima
AT0000922554,2023-10-03,30.54,prod_arima
AT0000922554,2023-10-04,30.54,prod_arima
AT0000922554,2023-10-05,30.54,prod_arima
AT0000922554,2023-10-06,30.54,prod_arima
AT00000VIE62,2023-09-25,46.88,prod_arima
AT00000VIE62,2023-09-26,46.94,prod_arima
AT00000VIE62,2023-09-27,47.0,prod_arima
AT00000VIE62,2023-09-28,47.07,prod_arima
AT00000VIE62,2023-09-29,47.13,prod_arima
AT00000VIE62,2023-10-02,47.19,prod_arima
AT00000VIE62,2023-10-03,47.26,prod_arima
AT00000VIE62,2023-10-04,47.32,prod_arima
AT00000VIE62,2023-10-05,47.38,prod_arima
AT00000VIE62,2023-10-06,47.45,prod_arima
AT0000741053,2023-09-25,24.78,prod_arima
AT0000741053,2023-09-26,24.81,prod_arima
AT0000741053,2023-09-27,24.84,prod_arima
AT0000741053,2023-09-28,24.88,prod_arima
AT0000741053,2023-09-29,24.91,prod_arima
AT0000741053,2023-10-02,24.94,prod_arima
AT0000741053,2023-10-03,24.97,prod_arima
AT0000741053,2023-10-04,25.0,prod_arima
AT0000741053,2023-10-05,25.03,prod_arima
AT0000741053,2023-10-06,25.06,prod_arima
AT0000785555,2023-09-25,16.84,prod_arima
AT0000785555,2023-09-26,16.72,prod_arima
AT0000785555,2023-09-27,16.74,prod_arima
AT0000785555,2023-09-28,16.71,prod_arima
AT0000785555,2023-09-29,16.71,prod_arima
AT0000785555,2023-10-02,16.7,prod_arima
AT0000785555,2023-10-03,16.7,prod_arima
AT0000785555,2023-10-04,16.69,prod_arima
AT0000785555,2023-10-05,16.69,prod_arima
AT0000785555,2023-10-06,16.68,prod_arima
AT0000831706,2023-09-25,23.85,prod_arima
AT0000831706,2023-09-26,23.86,prod_arima
AT0000831706,2023-09-27,23.87,prod_arima
AT0000831706,2023-09-28,23.88,prod_arima
AT0000831706,2023-09-29,23.89,prod_arima
AT0000831706,2023-10-02,23.9,prod_arima
AT0000831706,2023-10-03,23.91,prod_arima
AT0000831706,2023-10-04,23.92,prod_arima
AT0000831706,2023-10-05,23.93,prod_arima
AT0000831706,2023-10-06,23.94,prod_arima
AT0000644505,2023-09-25,38.6,prod_arima
AT0000644505,2023-09-26,38.55,prod_arima
AT0000644505,2023-09-27,38.5,prod_arima
AT0000644505,2023-09-28,38.45,prod_arima
AT0000644505,2023-09-29,38.4,prod_arima
AT0000644505,2023-10-02,38.35,prod_arima
AT0000644505,2023-10-03,38.3,prod_arima
AT0000644505,2023-10-04,38.25,prod_arima
AT0000644505,2023-10-05,38.2,prod_arima
AT0000644505,2023-10-06,38.15,prod_arima
AT0000758305,2023-09-25,22.67,prod_arima
AT0000758305,2023-09-26,22.53,prod_arima
AT0000758305,2023-09-27,22.42,prod_arima
AT0000758305,2023-09-28,22.3,prod_arima
AT0000758305,2023-09-29,22.19,prod_arima
AT0000758305,2023-10-02,22.08,prod_arima
AT0000758305,2023-10-03,21.96,prod_arima
AT0000758305,2023-10-04,21.85,prod_arima
AT0000758305,2023-10-05,21.74,prod_arima
AT0000758305,2023-10-06,21.63,prod_arima
AT0000938204,2023-09-25,127.98,prod_arima
AT0000938204,2023-09-26,127.97,prod_arima
AT0000938204,2023-09-27,127.95,prod_arima
AT0000938204,2023-09-28,127.93,prod_arima
AT0000938204,2023-09-29,127.92,prod_arima
AT0000938204,2023-10-02,127.9,prod_arima
AT0000938204,2023-10-03,127.88,prod_arima
AT0000938204,2023-10-04,127.87,prod_arima
AT0000938204,2023-10-05,127.85,prod_arima
AT0000938204,2023-10-06,127.83,prod_arima
AT0000908504,2023-09-25,26.06,prod_arima
AT0000908504,2023-09-26,26.08,prod_arima
AT0000908504,2023-09-27,26.09,prod_arima
AT0000908504,2023-09-28,26.11,prod_arima
AT0000908504,2023-09-29,26.12,prod_arima
AT0000908504,2023-10-02,26.13,prod_arima
AT0000908504,2023-10-03,26.15,prod_arima
AT0000908504,2023-10-04,26.16,prod_arima
AT0000908504,2023-10-05,26.18,prod_arima
AT0000908504,2023-10-06,26.19,prod_arima
AT0000A21KS2,2023-09-25,18.22,prod_arima
AT0000A21KS2,2023-09-26,18.24,prod_arima
AT0000A21KS2,2023-09-27,18.26,prod_arima
AT0000A21KS2,2023-09-28,18.28,prod_arima
AT0000A21KS2,2023-09-29,18.3,prod_arima
AT0000A21KS2,2023-10-02,18.32,prod_arima
AT0000A21KS2,2023-10-03,18.34,prod_arima
AT0000A21KS2,2023-10-04,18.36,prod_arima
AT0000A21KS2,2023-10-05,18.38,prod_arima
AT0000A21KS2,2023-10-06,18.4,prod_arima
AT0000641352,2023-09-25,30.84,prod_arima
AT0000641352,2023-09-26,30.83,prod_arima
AT0000641352,2023-09-27,30.83,prod_arima
AT0000641352,2023-09-28,30.83,prod_arima
AT0000641352,2023-09-29,30.83,prod_arima
AT0000641352,2023-10-02,30.82,prod_arima
AT0000641352,2023-10-03,30.82,prod_arima
AT0000641352,2023-10-04,30.82,prod_arima
AT0000641352,2023-10-05,30.82,prod_arima
AT0000641352,2023-10-06,30.82,prod_arima
AT0000821103,2023-09-25,7.58,prod_arima
AT0000821103,2023-09-26,7.58,prod_arima
AT0000821103,2023-09-27,7.59,prod_arima
AT0000821103,2023-09-28,7.59,prod_arima
AT0000821103,2023-09-29,7.59,prod_arima
AT0000821103,2023-10-02,7.6,prod_arima
AT0000821103,2023-10-03,7.6,prod_arima
AT0000821103,2023-10-04,7.6,prod_arima
AT0000821103,2023-10-05,7.61,prod_arima
AT0000821103,2023-10-06,7.61,prod_arima
AT0000999982,2023-09-25,3159.23,prod_exponential_smoothing
AT0000999982,2023-09-26,3159.53,prod_exponential_smoothing
AT0000999982,2023-09-27,3159.83,prod_exponential_smoothing
AT0000999982,2023-09-28,3160.12,prod_exponential_smoothing
AT0000999982,2023-09-29,3160.39,prod_exponential_smoothing
AT0000999982,2023-10-02,3160.66,prod_exponential_smoothing
AT0000999982,2023-10-03,3160.92,prod_exponential_smoothing
AT0000999982,2023-10-04,3161.16,prod_exponential_smoothing
AT0000999982,2023-10-05,3161.4,prod_exponential_smoothing
AT0000999982,2023-10-06,3161.63,prod_exponential_smoothing
AT0000743059,2023-09-25,45.22,prod_exponential_smoothing
AT0000743059,2023-09-26,45.24,prod_exponential_smoothing
AT0000743059,2023-09-27,45.26,prod_exponential_smoothing
AT0000743059,2023-09-28,45.28,prod_exponential_smoothing
AT0000743059,2023-09-29,45.31,prod_exponential_smoothing
AT0000743059,2023-10-02,45.33,prod_exponential_smoothing
AT0000743059,2023-10-03,45.35,prod_exponential_smoothing
AT0000743059,2023-10-04,45.37,prod_exponential_smoothing
AT0000743059,2023-10-05,45.39,prod_exponential_smoothing
AT0000743059,2023-10-06,45.41,prod_exponential_smoothing
AT0000937503,2023-09-25,26.05,prod_exponential_smoothing
AT0000937503,2023-09-26,25.98,prod_exponential_smoothing
AT0000937503,2023-09-27,25.91,prod_exponential_smoothing
AT0000937503,2023-09-28,25.84,prod_exponential_smoothing
AT0000937503,2023-09-29,25.77,prod_exponential_smoothing
AT0000937503,2023-10-02,25.7,prod_exponential_smoothing
AT0000937503,2023-10-03,25.63,prod_exponential_smoothing
AT0000937503,2023-10-04,25.56,prod_exponential_smoothing
AT0000937503,2023-10-05,25.49,prod_exponential_smoothing
AT0000937503,2023-10-06,25.42,prod_exponential_smoothing
AT0000652011,2023-09-25,32.48,prod_exponential_smoothing
AT0000652011,2023-09-26,32.49,prod_exponential_smoothing
AT0000652011,2023-09-27,32.51,prod_exponential_smoothing
AT0000652011,2023-09-28,32.53,prod_exponential_smoothing
AT0000652011,2023-09-29,32.54,prod_exponential_smoothing
AT0000652011,2023-10-02,32.56,prod_exponential_smoothing
AT0000652011,2023-10-03,32.58,prod_exponential_smoothing
AT0000652011,2023-10-04,32.59,prod_exponential_smoothing
AT0000652011,2023-10-05,32.61,prod_exponential_smoothing
AT0000652011,2023-10-06,32.62,prod_exponential_smoothing
AT0000746409,2023-09-25,79.23,prod_exponential_smoothing
AT0000746409,2023-09-26,79.27,prod_exponential_smoothing
AT0000746409,2023-09-27,79.3,prod_exponential_smoothing
AT0000746409,2023-09-28,79.34,prod_exponential_smoothing
AT0000746409,2023-09-29,79.38,prod_exponential_smoothing
AT0000746409,2023-10-02,79.41,prod_exponential_smoothing
AT0000746409,2023-10-03,79.45,prod_exponential_smoothing
AT0000746409,2023-10-04,79.49,prod_exponential_smoothing
AT0000746409,2023-10-05,79.52,prod_exponential_smoothing
AT0000746409,2023-10-06,79.56,prod_exponential_smoothing
AT0000922554,2023-09-25,30.6,prod_exponential_smoothing
AT0000922554,2023-09-26,30.6,prod_exponential_smoothing
AT0000922554,2023-09-27,30.61,prod_exponential_smoothing
AT0000922554,2023-09-28,30.61,prod_exponential_smoothing
AT0000922554,2023-09-29,30.61,prod_exponential_smoothing
AT0000922554,2023-10-02,30.61,prod_exponential_smoothing
AT0000922554,2023-10-03,30.61,prod_exponential_smoothing
AT0000922554,2023-10-04,30.61,prod_exponential_smoothing
AT0000922554,2023-10-05,30.62,prod_exponential_smoothing
AT0000922554,2023-10-06,30.62,prod_exponential_smoothing
AT00000VIE62,2023-09-25,46.87,prod_exponential_smoothing
AT00000VIE62,2023-09-26,46.94,prod_exponential_smoothing
AT00000VIE62,2023-09-27,47.02,prod_exponential_smoothing
AT00000VIE62,2023-09-28,47.09,prod_exponential_smoothing
AT00000VIE62,2023-09-29,47.16,prod_exponential_smoothing
AT00000VIE62,2023-10-02,47.23,prod_exponential_smoothing
AT00000VIE62,2023-10-03,47.31,prod_exponential_smoothing
AT00000VIE62,2023-10-04,47.38,prod_exponential_smoothing
AT00000VIE62,2023-10-05,47.45,prod_exponential_smoothing
AT00000VIE62,2023-10-06,47.52,prod_exponential_smoothing
AT0000741053,2023-09-25,24.8,prod_exponential_smoothing
AT0000741053,2023-09-26,24.84,prod_exponential_smoothing
AT0000741053,2023-09-27,24.89,prod_exponential_smoothing
AT0000741053,2023-09-28,24.94,prod_exponential_smoothing
AT0000741053,2023-09-29,24.98,prod_exponential_smoothing
AT0000741053,2023-10-02,25.03,prod_exponential_smoothing
AT0000741053,2023-10-03,25.08,prod_exponential_smoothing
AT0000741053,2023-10-04,25.12,prod_exponential_smoothing
AT0000741053,2023-10-05,25.17,prod_exponential_smoothing
AT0000741053,2023-10-06,25.22,prod_exponential_smoothing
AT0000785555,2023-09-25,16.75,prod_exponential_smoothing
AT0000785555,2023-09-26,16.72,prod_exponential_smoothing
AT0000785555,2023-09-27,16.69,prod_exponential_smoothing
AT0000785555,2023-09-28,16.66,prod_exponential_smoothing
AT0000785555,2023-09-29,16.63,prod_exponential_smoothing
AT0000785555,2023-10-02,16.6,prod_exponential_smoothing
AT0000785555,2023-10-03,16.57,prod_exponential_smoothing
AT0000785555,2023-10-04,16.54,prod_exponential_smoothing
AT0000785555,2023-10-05,16.51,prod_exponential_smoothing
AT0000785555,2023-10-06,16.48,prod_exponential_smoothing
AT0000831706,2023-09-25,23.83,prod_exponential_smoothing
AT0000831706,2023-09-26,23.82,prod_exponential_smoothing
AT0000831706,2023-09-27,23.8,prod_exponential_smoothing
AT0000831706,2023-09-28,23.79,prod_exponential_smoothing
AT0000831706,2023-09-29,23.78,prod_exponential_smoothing
AT0000831706,2023-10-02,23.77,prod_exponential_smoothing
AT0000831706,2023-10-03,23.75,prod_exponential_smoothing
AT0000831706,2023-10-04,23.74,prod_exponential_smoothing
AT0000831706,2023-10-05,23.73,prod_exponential_smoothing
AT0000831706,2023-10-06,23.71,prod_exponential_smoothing
AT0000644505,2023-09-25,38.58,prod_exponential_smoothing
AT0000644505,2023-09-26,38.51,prod_exponential_smoothing
AT0000644505,2023-09-27,38.44,prod_exponential_smoothing
AT0000644505,2023-09-28,38.37,prod_exponential_smoothing
AT0000644505,2023-09-29,38.3,prod_exponential_smoothing
AT0000644505,2023-10-02,38.23,prod_exponential_smoothing
AT0000644505,2023-10-03,38.16,prod_exponential_smoothing
AT0000644505,2023-10-04,38.09,prod_exponential_smoothing
AT0000644505,2023-10-05,38.02,prod_exponential_smoothing
AT0000644505,2023-10-06,37.94,prod_exponential_smoothing
AT0000758305,2023-09-25,22.67,prod_exponential_smoothing
AT0000758305,2023-09-26,22.64,prod_exponential_smoothing
AT0000758305,2023-09-27,22.6,prod_exponential_smoothing
AT0000758305,2023-09-28,22.57,prod_exponential_smoothing
AT0000758305,2023-09-29,22.54,prod_exponential_smoothing
AT0000758305,2023-10-02,22.51,prod_exponential_smoothing
AT0000758305,2023-10-03,22.47,prod_exponential_smoothing
AT0000758305,2023-10-04,22.44,prod_exponential_smoothing
AT0000758305,2023-10-05,22.41,prod_exponential_smoothing
AT0000758305,2023-10-06,22.38,prod_exponential_smoothing
AT0000938204,2023-09-25,127.83,prod_exponential_smoothing
AT0000938204,2023-09-26,127.65,prod_exponential_smoothing
AT0000938204,2023-09-27,127.48,prod_exponential_smoothing
AT0000938204,2023-09-28,127.3,prod_exponential_smoothing
AT0000938204,2023-09-29,127.12,prod_exponential_smoothing
AT0000938204,2023-10-02,126.95,prod_exponential_smoothing
AT0000938204,2023-10-03,126.77,prod_exponential_smoothing
AT0000938204,2023-10-04,126.59,prod_exponential_smoothing
AT0000938204,2023-10-05,126.41,prod_exponential_smoothing
AT0000938204,2023-10-06,126.23,prod_exponential_smoothing
AT0000908504,2023-09-25,26.07,prod_exponential_smoothing
AT0000908504,2023-09-26,26.08,prod_exponential_smoothing
AT0000908504,2023-09-27,26.1,prod_exponential_smoothing
AT0000908504,2023-09-28,26.12,prod_exponential_smoothing
AT0000908504,2023-09-29,26.14,prod_exponential_smoothing
AT0000908504,2023-10-02,26.15,prod_exponential_smoothing
AT0000908504,2023-10-03,26.17,prod_exponential_smoothing
AT0000908504,2023-10-04,26.19,prod_exponential_smoothing
AT0000908504,2023-10-05,26.2,prod_exponential_smoothing
AT0000908504,2023-10-06,26.22,prod_exponential_smoothing
AT0000A21KS2,2023-09-25,18.24,prod_exponential_smoothing
AT0000A21KS2,2023-09-26,18.28,prod_exponential_smoothing
AT0000A21KS2,2023-09-27,18.32,prod_exponential_smoothing
AT0000A21KS2,2023-09-28,18.36,prod_exponential_smoothing
AT0000A21KS2,2023-09-29,18.41,prod_exponential_smoothing
AT0000A21KS2,2023-10-02,18.45,prod_exponential_smoothing
AT0000A21KS2,2023-10-03,18.49,prod_exponential_smoothing
AT0000A21KS2,2023-10-04,18.53,prod_exponential_smoothing
AT0000A21KS2,2023-10-05,18.57,prod_exponential_smoothing
AT0000A21KS2,2023-10-06,18.62,prod_exponential_smoothing
AT0000641352,2023-09-25,30.87,prod_exponential_smoothing
AT0000641352,2023-09-26,30.9,prod_exponential_smoothing
AT0000641352,2023-09-27,30.92,prod_exponential_smoothing
AT0000641352,2023-09-28,30.95,prod_exponential_smoothing
AT0000641352,2023-09-29,30.98,prod_exponential_smoothing
AT0000641352,2023-10-02,31.0,prod_exponential_smoothing
AT0000641352,2023-10-03,31.03,prod_exponential_smoothing
AT0000641352,2023-10-04,31.05,prod_exponential_smoothing
AT0000641352,2023-10-05,31.08,prod_exponential_smoothing
AT0000641352,2023-10-06,31.11,prod_exponential_smoothing
AT0000821103,2023-09-25,7.57,prod_exponential_smoothing
AT0000821103,2023-09-26,7.57,prod_exponential_smoothing
AT0000821103,2023-09-27,7.57,prod_exponential_smoothing
AT0000821103,2023-09-28,7.57,prod_exponential_smoothing
AT0000821103,2023-09-29,7.57,prod_exponential_smoothing
AT0000821103,2023-10-02,7.57,prod_exponential_smoothing
AT0000821103,2023-10-03,7.57,prod_exponential_smoothing
AT0000821103,2023-10-04,7.57,prod_exponential_smoothing
AT0000821103,2023-10-05,7.57,prod_exponential_smoothing
AT0000821103,2023-10-06,7.57,prod_exponential_smoothing
AT0000999982,2023-09-25,3160.88,prod_LGBMRegressor
AT0000999982,2023-09-26,3159.06,prod_LGBMRegressor
AT0000999982,2023-09-27,3152.77,prod_LGBMRegressor
AT0000999982,2023-09-28,3150.65,prod_LGBMRegressor
AT0000999982,2023-09-29,3146.87,prod_LGBMRegressor
AT0000999982,2023-10-02,3151.16,prod_LGBMRegressor
AT0000999982,2023-10-03,3158.49,prod_LGBMRegressor
AT0000999982,2023-10-04,3167.82,prod_LGBMRegressor
AT0000999982,2023-10-05,3177.13,prod_LGBMRegressor
AT0000999982,2023-10-06,3182.36,prod_LGBMRegressor
AT0000743059,2023-09-25,45.21,prod_LGBMRegressor
AT0000743059,2023-09-26,45.28,prod_LGBMRegressor
AT0000743059,2023-09-27,45.37,prod_LGBMRegressor
AT0000743059,2023-09-28,45.43,prod_LGBMRegressor
AT0000743059,2023-09-29,45.45,prod_LGBMRegressor
AT0000743059,2023-10-02,45.53,prod_LGBMRegressor
AT0000743059,2023-10-03,45.63,prod_LGBMRegressor
AT0000743059,2023-10-04,45.7,prod_LGBMRegressor
AT0000743059,2023-10-05,45.78,prod_LGBMRegressor
AT0000743059,2023-10-06,45.87,prod_LGBMRegressor
AT0000937503,2023-09-25,26.3,prod_LGBMRegressor
AT0000937503,2023-09-26,26.31,prod_LGBMRegressor
AT0000937503,2023-09-27,26.19,prod_LGBMRegressor
AT0000937503,2023-09-28,26.14,prod_LGBMRegressor
AT0000937503,2023-09-29,26.19,prod_LGBMRegressor
AT0000937503,2023-10-02,26.23,prod_LGBMRegressor
AT0000937503,2023-10-03,26.12,prod_LGBMRegressor
AT0000937503,2023-10-04,26.13,prod_LGBMRegressor
AT0000937503,2023-10-05,26.27,prod_LGBMRegressor
AT0000937503,2023-10-06,26.36,prod_LGBMRegressor
AT0000652011,2023-09-25,32.38,prod_LGBMRegressor
AT0000652011,2023-09-26,32.46,prod_LGBMRegressor
AT0000652011,2023-09-27,32.46,prod_LGBMRegressor
AT0000652011,2023-09-28,32.54,prod_LGBMRegressor
AT0000652011,2023-09-29,32.58,prod_LGBMRegressor
AT0000652011,2023-10-02,32.68,prod_LGBMRegressor
AT0000652011,2023-10-03,32.75,prod_LGBMRegressor
AT0000652011,2023-10-04,32.84,prod_LGBMRegressor
AT0000652011,2023-10-05,32.94,prod_LGBMRegressor
AT0000652011,2023-10-06,33.01,prod_LGBMRegressor
AT0000746409,2023-09-25,79.01,prod_LGBMRegressor
AT0000746409,2023-09-26,79.17,prod_LGBMRegressor
AT0000746409,2023-09-27,78.88,prod_LGBMRegressor
AT0000746409,2023-09-28,79.16,prod_LGBMRegressor
AT0000746409,2023-09-29,79.42,prod_LGBMRegressor
AT0000746409,2023-10-02,79.53,prod_LGBMRegressor
AT0000746409,2023-10-03,79.77,prod_LGBMRegressor
AT0000746409,2023-10-04,80.14,prod_LGBMRegressor
AT0000746409,2023-10-05,80.57,prod_LGBMRegressor
AT0000746409,2023-10-06,81.17,prod_LGBMRegressor
AT0000922554,2023-09-25,30.5,prod_LGBMRegressor
AT0000922554,2023-09-26,30.23,prod_LGBMRegressor
AT0000922554,2023-09-27,30.22,prod_LGBMRegressor
AT0000922554,2023-09-28,30.33,prod_LGBMRegressor
AT0000922554,2023-09-29,30.25,prod_LGBMRegressor
AT0000922554,2023-10-02,30.21,prod_LGBMRegressor
AT0000922554,2023-10-03,30.16,prod_LGBMRegressor
AT0000922554,2023-10-04,30.21,prod_LGBMRegressor
AT0000922554,2023-10-05,30.33,prod_LGBMRegressor
AT0000922554,2023-10-06,30.42,prod_LGBMRegressor
AT00000VIE62,2023-09-25,46.99,prod_LGBMRegressor
AT00000VIE62,2023-09-26,47.06,prod_LGBMRegressor
AT00000VIE62,2023-09-27,47.08,prod_LGBMRegressor
AT00000VIE62,2023-09-28,47.13,prod_LGBMRegressor
AT00000VIE62,2023-09-29,47.19,prod_LGBMRegressor
AT00000VIE62,2023-10-02,47.21,prod_LGBMRegressor
AT00000VIE62,2023-10-03,47.28,prod_LGBMRegressor
AT00000VIE62,2023-10-04,47.39,prod_LGBMRegressor
AT00000VIE62,2023-10-05,47.51,prod_LGBMRegressor
AT00000VIE62,2023-10-06,47.7,prod_LGBMRegressor
AT0000741053,2023-09-25,24.85,prod_LGBMRegressor
AT0000741053,2023-09-26,24.78,prod_LGBMRegressor
AT0000741053,2023-09-27,24.77,prod_LGBMRegressor
AT0000741053,2023-09-28,24.84,prod_LGBMRegressor
AT0000741053,2023-09-29,24.9,prod_LGBMRegressor
AT0000741053,2023-10-02,24.94,prod_LGBMRegressor
AT0000741053,2023-10-03,25.02,prod_LGBMRegressor
AT0000741053,2023-10-04,25.17,prod_LGBMRegressor
AT0000741053,2023-10-05,25.13,prod_LGBMRegressor
AT0000741053,2023-10-06,25.15,prod_LGBMRegressor
AT0000785555,2023-09-25,16.87,prod_LGBMRegressor
AT0000785555,2023-09-26,17.02,prod_LGBMRegressor
AT0000785555,2023-09-27,16.67,prod_LGBMRegressor
AT0000785555,2023-09-28,16.56,prod_LGBMRegressor
AT0000785555,2023-09-29,16.76,prod_LGBMRegressor
AT0000785555,2023-10-02,16.59,prod_LGBMRegressor
AT0000785555,2023-10-03,16.56,prod_LGBMRegressor
AT0000785555,2023-10-04,16.63,prod_LGBMRegressor
AT0000785555,2023-10-05,16.59,prod_LGBMRegressor
AT0000785555,2023-10-06,16.59,prod_LGBMRegressor
AT0000831706,2023-09-25,23.8,prod_LGBMRegressor
AT0000831706,2023-09-26,23.78,prod_LGBMRegressor
AT0000831706,2023-09-27,23.73,prod_LGBMRegressor
AT0000831706,2023-09-28,23.7,prod_LGBMRegressor
AT0000831706,2023-09-29,23.69,prod_LGBMRegressor
AT0000831706,2023-10-02,23.74,prod_LGBMRegressor
AT0000831706,2023-10-03,23.79,prod_LGBMRegressor
AT0000831706,2023-10-04,23.85,prod_LGBMRegressor
AT0000831706,2023-10-05,23.92,prod_LGBMRegressor
AT0000831706,2023-10-06,24.03,prod_LGBMRegressor
AT0000644505,2023-09-25,38.47,prod_LGBMRegressor
AT0000644505,2023-09-26,38.16,prod_LGBMRegressor
AT0000644505,2023-09-27,38.3,prod_LGBMRegressor
AT0000644505,2023-09-28,38.38,prod_LGBMRegressor
AT0000644505,2023-09-29,38.3,prod_LGBMRegressor
AT0000644505,2023-10-02,38.52,prod_LGBMRegressor
AT0000644505,2023-10-03,38.37,prod_LGBMRegressor
AT0000644505,2023-10-04,38.21,prod_LGBMRegressor
AT0000644505,2023-10-05,38.08,prod_LGBMRegressor
AT0000644505,2023-10-06,38.12,prod_LGBMRegressor
AT0000758305,2023-09-25,22.62,prod_LGBMRegressor
AT0000758305,2023-09-26,22.57,prod_LGBMRegressor
AT0000758305,2023-09-27,22.49,prod_LGBMRegressor
AT0000758305,2023-09-28,22.41,prod_LGBMRegressor
AT0000758305,2023-09-29,22.47,prod_LGBMRegressor
AT0000758305,2023-10-02,22.58,prod_LGBMRegressor
AT0000758305,2023-10-03,22.64,prod_LGBMRegressor
AT0000758305,2023-10-04,22.85,prod_LGBMRegressor
AT0000758305,2023-10-05,22.93,prod_LGBMRegressor
AT0000758305,2023-10-06,22.95,prod_LGBMRegressor
AT0000938204,2023-09-25,128.09,prod_LGBMRegressor
AT0000938204,2023-09-26,128.18,prod_LGBMRegressor
AT0000938204,2023-09-27,128.2,prod_LGBMRegressor
AT0000938204,2023-09-28,128.35,prod_LGBMRegressor
AT0000938204,2023-09-29,128.61,prod_LGBMRegressor
AT0000938204,2023-10-02,128.54,prod_LGBMRegressor
AT0000938204,2023-10-03,129.27,prod_LGBMRegressor
AT0000938204,2023-10-04,129.01,prod_LGBMRegressor
AT0000938204,2023-10-05,129.11,prod_LGBMRegressor
AT0000938204,2023-10-06,129.22,prod_LGBMRegressor
AT0000908504,2023-09-25,26.0,prod_LGBMRegressor
AT0000908504,2023-09-26,26.01,prod_LGBMRegressor
AT0000908504,2023-09-27,26.03,prod_LGBMRegressor
AT0000908504,2023-09-28,26.07,prod_LGBMRegressor
AT0000908504,2023-09-29,26.05,prod_LGBMRegressor
AT0000908504,2023-10-02,26.09,prod_LGBMRegressor
AT0000908504,2023-10-03,26.22,prod_LGBMRegressor
AT0000908504,2023-10-04,26.36,prod_LGBMRegressor
AT0000908504,2023-10-05,26.47,prod_LGBMRegressor
AT0000908504,2023-10-06,26.56,prod_LGBMRegressor
AT0000A21KS2,2023-09-25,18.2,prod_LGBMRegressor
AT0000A21KS2,2023-09-26,18.2,prod_LGBMRegressor
AT0000A21KS2,2023-09-27,18.23,prod_LGBMRegressor
AT0000A21KS2,2023-09-28,18.29,prod_LGBMRegressor
AT0000A21KS2,2023-09-29,18.35,prod_LGBMRegressor
AT0000A21KS2,2023-10-02,18.39,prod_LGBMRegressor
AT0000A21KS2,2023-10-03,18.45,prod_LGBMRegressor
AT0000A21KS2,2023-10-04,18.49,prod_LGBMRegressor
AT0000A21KS2,2023-10-05,18.53,prod_LGBMRegressor
AT0000A21KS2,2023-10-06,18.57,prod_LGBMRegressor
AT0000641352,2023-09-25,30.87,prod_LGBMRegressor
AT0000641352,2023-09-26,30.95,prod_LGBMRegressor
AT0000641352,2023-09-27,30.98,prod_LGBMRegressor
AT0000641352,2023-09-28,31.02,prod_LGBMRegressor
AT0000641352,2023-09-29,31.07,prod_LGBMRegressor
AT0000641352,2023-10-02,31.14,prod_LGBMRegressor
AT0000641352,2023-10-03,31.18,prod_LGBMRegressor
AT0000641352,2023-10-04,31.27,prod_LGBMRegressor
AT0000641352,2023-10-05,31.35,prod_LGBMRegressor
AT0000641352,2023-10-06,31.44,prod_LGBMRegressor
AT0000821103,2023-09-25,7.59,prod_LGBMRegressor
AT0000821103,2023-09-26,7.61,prod_LGBMRegressor
AT0000821103,2023-09-27,7.62,prod_LGBMRegressor
AT0000821103,2023-09-28,7.65,prod_LGBMRegressor
AT0000821103,2023-09-29,7.67,prod_LGBMRegressor
AT0000821103,2023-10-02,7.69,prod_LGBMRegressor
AT0000821103,2023-10-03,7.7,prod_LGBMRegressor
AT0000821103,2023-10-04,7.72,prod_LGBMRegressor
AT0000821103,2023-10-05,7.75,prod_LGBMRegressor
AT0000821103,2023-10-06,7.76,prod_LGBMRegressor
AT0000999982,2023-09-25,3155.75,prod_lstm
AT0000999982,2023-09-26,3142.9,prod_lstm
AT0000999982,2023-09-27,3144.17,prod_lstm
AT0000999982,2023-09-28,3148.21,prod_lstm
AT0000999982,2023-09-29,3144.69,prod_lstm
AT0000999982,2023-10-02,3144.49,prod_lstm
AT0000999982,2023-10-03,3159.3,prod_lstm
AT0000999982,2023-10-04,3151.53,prod_lstm
AT0000999982,2023-10-05,3150.58,prod_lstm
AT0000999982,2023-10-06,3151.25,prod_lstm
AT0000743059,2023-09-25,45.09,prod_lstm
AT0000743059,2023-09-26,45.1,prod_lstm
AT0000743059,2023-09-27,44.95,prod_lstm
AT0000743059,2023-09-28,45.08,prod_lstm
AT0000743059,2023-09-29,45.09,prod_lstm
AT0000743059,2023-10-02,45.12,prod_lstm
AT0000743059,2023-10-03,45.1,prod_lstm
AT0000743059,2023-10-04,45.1,prod_lstm
AT0000743059,2023-10-05,45.21,prod_lstm
AT0000743059,2023-10-06,45.22,prod_lstm
AT0000937503,2023-09-25,25.9,prod_lstm
AT0000937503,2023-09-26,25.8,prod_lstm
AT0000937503,2023-09-27,25.69,prod_lstm
AT0000937503,2023-09-28,25.56,prod_lstm
AT0000937503,2023-09-29,25.38,prod_lstm
AT0000937503,2023-10-02,25.26,prod_lstm
AT0000937503,2023-10-03,25.12,prod_lstm
AT0000937503,2023-10-04,25.07,prod_lstm
AT0000937503,2023-10-05,24.92,prod_lstm
AT0000937503,2023-10-06,24.81,prod_lstm
AT0000652011,2023-09-25,32.4,prod_lstm
AT0000652011,2023-09-26,32.32,prod_lstm
AT0000652011,2023-09-27,32.13,prod_lstm
AT0000652011,2023-09-28,32.08,prod_lstm
AT0000652011,2023-09-29,31.94,prod_lstm
AT0000652011,2023-10-02,31.86,prod_lstm
AT0000652011,2023-10-03,31.65,prod_lstm
AT0000652011,2023-10-04,31.52,prod_lstm
AT0000652011,2023-10-05,31.37,prod_lstm
AT0000652011,2023-10-06,31.26,prod_lstm
AT0000746409,2023-09-25,78.85,prod_lstm
AT0000746409,2023-09-26,78.38,prod_lstm
AT0000746409,2023-09-27,77.66,prod_lstm
AT0000746409,2023-09-28,77.32,prod_lstm
AT0000746409,2023-09-29,76.86,prod_lstm
AT0000746409,2023-10-02,76.48,prod_lstm
AT0000746409,2023-10-03,75.9,prod_lstm
AT0000746409,2023-10-04,75.47,prod_lstm
AT0000746409,2023-10-05,74.96,prod_lstm
AT0000746409,2023-10-06,74.46,prod_lstm
AT0000922554,2023-09-25,30.37,prod_lstm
AT0000922554,2023-09-26,30.0,prod_lstm
AT0000922554,2023-09-27,29.74,prod_lstm
AT0000922554,2023-09-28,29.65,prod_lstm
AT0000922554,2023-09-29,29.4,prod_lstm
AT0000922554,2023-10-02,29.03,prod_lstm
AT0000922554,2023-10-03,28.71,prod_lstm
AT0000922554,2023-10-04,28.34,prod_lstm
AT0000922554,2023-10-05,27.97,prod_lstm
AT0000922554,2023-10-06,27.64,prod_lstm
AT00000VIE62,2023-09-25,46.57,prod_lstm
AT00000VIE62,2023-09-26,46.43,prod_lstm
AT00000VIE62,2023-09-27,46.3,prod_lstm
AT00000VIE62,2023-09-28,46.4,prod_lstm
AT00000VIE62,2023-09-29,46.27,prod_lstm
AT00000VIE62,2023-10-02,46.17,prod_lstm
AT00000VIE62,2023-10-03,46.01,prod_lstm
AT00000VIE62,2023-10-04,45.68,prod_lstm
AT00000VIE62,2023-10-05,45.44,prod_lstm
AT00000VIE62,2023-10-06,45.21,prod_lstm
AT0000741053,2023-09-25,24.62,prod_lstm
AT0000741053,2023-09-26,24.47,prod_lstm
AT0000741053,2023-09-27,24.35,prod_lstm
AT0000741053,2023-09-28,24.21,prod_lstm
AT0000741053,2023-09-29,24.0,prod_lstm
AT0000741053,2023-10-02,23.9,prod_lstm
AT0000741053,2023-10-03,23.76,prod_lstm
AT0000741053,2023-10-04,23.53,prod_lstm
AT0000741053,2023-10-05,23.43,prod_lstm
AT0000741053,2023-10-06,23.34,prod_lstm
AT0000785555,2023-09-25,16.7,prod_lstm
AT0000785555,2023-09-26,16.67,prod_lstm
AT0000785555,2023-09-27,16.7,prod_lstm
AT0000785555,2023-09-28,16.69,prod_lstm
AT0000785555,2023-09-29,16.66,prod_lstm
AT0000785555,2023-10-02,16.7,prod_lstm
AT0000785555,2023-10-03,16.57,prod_lstm
AT0000785555,2023-10-04,16.57,prod_lstm
AT0000785555,2023-10-05,16.55,prod_lstm
AT0000785555,2023-10-06,16.48,prod_lstm
AT0000831706,2023-09-25,23.68,prod_lstm
AT0000831706,2023-09-26,23.4,prod_lstm
AT0000831706,2023-09-27,23.22,prod_lstm
AT0000831706,2023-09-28,23.09,prod_lstm
AT0000831706,2023-09-29,22.92,prod_lstm
AT0000831706,2023-10-02,22.73,prod_lstm
AT0000831706,2023-10-03,22.62,prod_lstm
AT0000831706,2023-10-04,22.5,prod_lstm
AT0000831706,2023-10-05,22.36,prod_lstm
AT0000831706,2023-10-06,22.15,prod_lstm
AT0000644505,2023-09-25,38.66,prod_lstm
AT0000644505,2023-09-26,38.61,prod_lstm
AT0000644505,2023-09-27,38.66,prod_lstm
AT0000644505,2023-09-28,38.5,prod_lstm
AT0000644505,2023-09-29,38.42,prod_lstm
AT0000644505,2023-10-02,38.29,prod_lstm
AT0000644505,2023-10-03,38.12,prod_lstm
AT0000644505,2023-10-04,37.99,prod_lstm
AT0000644505,2023-10-05,37.88,prod_lstm
AT0000644505,2023-10-06,37.81,prod_lstm
AT0000758305,2023-09-25,22.51,prod_lstm
AT0000758305,2023-09-26,22.26,prod_lstm
AT0000758305,2023-09-27,22.18,prod_lstm
AT0000758305,2023-09-28,21.98,prod_lstm
AT0000758305,2023-09-29,21.77,prod_lstm
AT0000758305,2023-10-02,21.62,prod_lstm
AT0000758305,2023-10-03,21.41,prod_lstm
AT0000758305,2023-10-04,21.19,prod_lstm
AT0000758305,2023-10-05,21.05,prod_lstm
AT0000758305,2023-10-06,20.88,prod_lstm
AT0000938204,2023-09-25,126.42,prod_lstm
AT0000938204,2023-09-26,124.74,prod_lstm
AT0000938204,2023-09-27,123.28,prod_lstm
AT0000938204,2023-09-28,122.0,prod_lstm
AT0000938204,2023-09-29,120.74,prod_lstm
AT0000938204,2023-10-02,119.23,prod_lstm
AT0000938204,2023-10-03,117.7,prod_lstm
AT0000938204,2023-10-04,116.43,prod_lstm
AT0000938204,2023-10-05,114.94,prod_lstm
AT0000938204,2023-10-06,113.09,prod_lstm
AT0000908504,2023-09-25,25.69,prod_lstm
AT0000908504,2023-09-26,25.33,prod_lstm
AT0000908504,2023-09-27,25.14,prod_lstm
AT0000908504,2023-09-28,24.72,prod_lstm
AT0000908504,2023-09-29,24.49,prod_lstm
AT0000908504,2023-10-02,24.31,prod_lstm
AT0000908504,2023-10-03,24.17,prod_lstm
AT0000908504,2023-10-04,23.88,prod_lstm
AT0000908504,2023-10-05,23.63,prod_lstm
AT0000908504,2023-10-06,23.37,prod_lstm
AT0000A21KS2,2023-09-25,18.09,prod_lstm
AT0000A21KS2,2023-09-26,17.98,prod_lstm
AT0000A21KS2,2023-09-27,17.93,prod_lstm
AT0000A21KS2,2023-09-28,17.86,prod_lstm
AT0000A21KS2,2023-09-29,17.78,prod_lstm
AT0000A21KS2,2023-10-02,17.73,prod_lstm
AT0000A21KS2,2023-10-03,17.67,prod_lstm
AT0000A21KS2,2023-10-04,17.62,prod_lstm
AT0000A21KS2,2023-10-05,17.51,prod_lstm
AT0000A21KS2,2023-10-06,17.43,prod_lstm
AT0000641352,2023-09-25,30.7,prod_lstm
AT0000641352,2023-09-26,30.54,prod_lstm
AT0000641352,2023-09-27,30.32,prod_lstm
AT0000641352,2023-09-28,30.09,prod_lstm
AT0000641352,2023-09-29,30.0,prod_lstm
AT0000641352,2023-10-02,29.83,prod_lstm
AT0000641352,2023-10-03,29.7,prod_lstm
AT0000641352,2023-10-04,29.66,prod_lstm
AT0000641352,2023-10-05,29.49,prod_lstm
AT0000641352,2023-10-06,29.39,prod_lstm
AT0000821103,2023-09-25,7.51,prod_lstm
AT0000821103,2023-09-26,7.43,prod_lstm
AT0000821103,2023-09-27,7.36,prod_lstm
AT0000821103,2023-09-28,7.33,prod_lstm
AT0000821103,2023-09-29,7.27,prod_lstm
AT0000821103,2023-10-02,7.24,prod_lstm
AT0000821103,2023-10-03,7.22,prod_lstm
AT0000821103,2023-10-04,7.18,prod_lstm
AT0000821103,2023-10-05,7.13,prod_lstm
AT0000821103,2023-10-06,7.09,prod_lstm
AT0000999982,2023-09-25,3160.25,prod_moving_average_recursive
AT0000999982,2023-09-26,3162.03,prod_moving_average_recursive
AT0000999982,2023-09-27,3163.88,prod_moving_average_recursive
AT0000999982,2023-09-28,3165.77,prod_moving_average_recursive
AT0000999982,2023-09-29,3167.73,prod_moving_average_recursive
AT0000999982,2023-10-02,3169.94,prod_moving_average_recursive
AT0000999982,2023-10-03,3171.94,prod_moving_average_recursive
AT0000999982,2023-10-04,3173.84,prod_moving_average_recursive
AT0000999982,2023-10-05,3175.33,prod_moving_average_recursive
AT0000999982,2023-10-06,3176.89,prod_moving_average_recursive
AT0000743059,2023-09-25,45.23,prod_moving_average_recursive
AT0000743059,2023-09-26,45.27,prod_moving_average_recursive
AT0000743059,2023-09-27,45.31,prod_moving_average_recursive
AT0000743059,2023-09-28,45.34,prod_moving_average_recursive
AT0000743059,2023-09-29,45.38,prod_moving_average_recursive
AT0000743059,2023-10-02,45.42,prod_moving_average_recursive
AT0000743059,2023-10-03,45.45,prod_moving_average_recursive
AT0000743059,2023-10-04,45.48,prod_moving_average_recursive
AT0000743059,2023-10-05,45.51,prod_moving_average_recursive
AT0000743059,2023-10-06,45.53,prod_moving_average_recursive
AT0000937503,2023-09-25,26.15,prod_moving_average_recursive
AT0000937503,2023-09-26,26.19,prod_moving_average_recursive
AT0000937503,2023-09-27,26.22,prod_moving_average_recursive
AT0000937503,2023-09-28,26.26,prod_moving_average_recursive
AT0000937503,2023-09-29,26.29,prod_moving_average_recursive
AT0000937503,2023-10-02,26.34,prod_moving_average_recursive
AT0000937503,2023-10-03,26.38,prod_moving_average_recursive
AT0000937503,2023-10-04,26.42,prod_moving_average_recursive
AT0000937503,2023-10-05,26.45,prod_moving_average_recursive
AT0000937503,2023-10-06,26.49,prod_moving_average_recursive
AT0000652011,2023-09-25,32.49,prod_moving_average_recursive
AT0000652011,2023-09-26,32.53,prod_moving_average_recursive
AT0000652011,2023-09-27,32.58,prod_moving_average_recursive
AT0000652011,2023-09-28,32.62,prod_moving_average_recursive
AT0000652011,2023-09-29,32.67,prod_moving_average_recursive
AT0000652011,2023-10-02,32.72,prod_moving_average_recursive
AT0000652011,2023-10-03,32.76,prod_moving_average_recursive
AT0000652011,2023-10-04,32.81,prod_moving_average_recursive
AT0000652011,2023-10-05,32.85,prod_moving_average_recursive
AT0000652011,2023-10-06,32.89,prod_moving_average_recursive
AT0000746409,2023-09-25,79.17,prod_moving_average_recursive
AT0000746409,2023-09-26,79.15,prod_moving_average_recursive
AT0000746409,2023-09-27,79.12,prod_moving_average_recursive
AT0000746409,2023-09-28,79.09,prod_moving_average_recursive
AT0000746409,2023-09-29,79.06,prod_moving_average_recursive
AT0000746409,2023-10-02,79.04,prod_moving_average_recursive
AT0000746409,2023-10-03,79.01,prod_moving_average_recursive
AT0000746409,2023-10-04,78.98,prod_moving_average_recursive
AT0000746409,2023-10-05,78.96,prod_moving_average_recursive
AT0000746409,2023-10-06,78.94,prod_moving_average_recursive
AT0000922554,2023-09-25,30.6,prod_moving_average_recursive
AT0000922554,2023-09-26,30.6,prod_moving_average_recursive
AT0000922554,2023-09-27,30.61,prod_moving_average_recursive
AT0000922554,2023-09-28,30.61,prod_moving_average_recursive
AT0000922554,2023-09-29,30.62,prod_moving_average_recursive
AT0000922554,2023-10-02,30.63,prod_moving_average_recursive
AT0000922554,2023-10-03,30.63,prod_moving_average_recursive
AT0000922554,2023-10-04,30.64,prod_moving_average_recursive
AT0000922554,2023-10-05,30.65,prod_moving_average_recursive
AT0000922554,2023-10-06,30.66,prod_moving_average_recursive
AT00000VIE62,2023-09-25,46.86,prod_moving_average_recursive
AT00000VIE62,2023-09-26,46.93,prod_moving_average_recursive
AT00000VIE62,2023-09-27,46.99,prod_moving_average_recursive
AT00000VIE62,2023-09-28,47.05,prod_moving_average_recursive
AT00000VIE62,2023-09-29,47.11,prod_moving_average_recursive
AT00000VIE62,2023-10-02,47.17,prod_moving_average_recursive
AT00000VIE62,2023-10-03,47.24,prod_moving_average_recursive
AT00000VIE62,2023-10-04,47.3,prod_moving_average_recursive
AT00000VIE62,2023-10-05,47.37,prod_moving_average_recursive
AT00000VIE62,2023-10-06,47.43,prod_moving_average_recursive
AT0000741053,2023-09-25,24.78,prod_moving_average_recursive
AT0000741053,2023-09-26,24.81,prod_moving_average_recursive
AT0000741053,2023-09-27,24.85,prod_moving_average_recursive
AT0000741053,2023-09-28,24.88,prod_moving_average_recursive
AT0000741053,2023-09-29,24.92,prod_moving_average_recursive
AT0000741053,2023-10-02,24.96,prod_moving_average_recursive
AT0000741053,2023-10-03,24.99,prod_moving_average_recursive
AT0000741053,2023-10-04,25.03,prod_moving_average_recursive
AT0000741053,2023-10-05,25.06,prod_moving_average_recursive
AT0000741053,2023-10-06,25.09,prod_moving_average_recursive
AT0000785555,2023-09-25,16.77,prod_moving_average_recursive
AT0000785555,2023-09-26,16.77,prod_moving_average_recursive
AT0000785555,2023-09-27,16.77,prod_moving_average_recursive
AT0000785555,2023-09-28,16.76,prod_moving_average_recursive
AT0000785555,2023-09-29,16.76,prod_moving_average_recursive
AT0000785555,2023-10-02,16.76,prod_moving_average_recursive
AT0000785555,2023-10-03,16.76,prod_moving_average_recursive
AT0000785555,2023-10-04,16.75,prod_moving_average_recursive
AT0000785555,2023-10-05,16.75,prod_moving_average_recursive
AT0000785555,2023-10-06,16.75,prod_moving_average_recursive
AT0000831706,2023-09-25,23.85,prod_moving_average_recursive
AT0000831706,2023-09-26,23.86,prod_moving_average_recursive
AT0000831706,2023-09-27,23.87,prod_moving_average_recursive
AT0000831706,2023-09-28,23.89,prod_moving_average_recursive
AT0000831706,2023-09-29,23.9,prod_moving_average_recursive
AT0000831706,2023-10-02,23.92,prod_moving_average_recursive
AT0000831706,2023-10-03,23.93,prod_moving_average_recursive
AT0000831706,2023-10-04,23.95,prod_moving_average_recursive
AT0000831706,2023-10-05,23.96,prod_moving_average_recursive
AT0000831706,2023-10-06,23.97,prod_moving_average_recursive
AT0000644505,2023-09-25,38.6,prod_moving_average_recursive
AT0000644505,2023-09-26,38.55,prod_moving_average_recursive
AT0000644505,2023-09-27,38.49,prod_moving_average_recursive
AT0000644505,2023-09-28,38.45,prod_moving_average_recursive
AT0000644505,2023-09-29,38.39,prod_moving_average_recursive
AT0000644505,2023-10-02,38.35,prod_moving_average_recursive
AT0000644505,2023-10-03,38.32,prod_moving_average_recursive
AT0000644505,2023-10-04,38.28,prod_moving_average_recursive
AT0000644505,2023-10-05,38.24,prod_moving_average_recursive
AT0000644505,2023-10-06,38.22,prod_moving_average_recursive
AT0000758305,2023-09-25,22.7,prod_moving_average_recursive
AT0000758305,2023-09-26,22.71,prod_moving_average_recursive
AT0000758305,2023-09-27,22.71,prod_moving_average_recursive
AT0000758305,2023-09-28,22.72,prod_moving_average_recursive
AT0000758305,2023-09-29,22.73,prod_moving_average_recursive
AT0000758305,2023-10-02,22.74,prod_moving_average_recursive
AT0000758305,2023-10-03,22.76,prod_moving_average_recursive
AT0000758305,2023-10-04,22.77,prod_moving_average_recursive
AT0000758305,2023-10-05,22.78,prod_moving_average_recursive
AT0000758305,2023-10-06,22.79,prod_moving_average_recursive
AT0000938204,2023-09-25,127.98,prod_moving_average_recursive
AT0000938204,2023-09-26,127.98,prod_moving_average_recursive
AT0000938204,2023-09-27,127.98,prod_moving_average_recursive
AT0000938204,2023-09-28,127.97,prod_moving_average_recursive
AT0000938204,2023-09-29,127.96,prod_moving_average_recursive
AT0000938204,2023-10-02,127.96,prod_moving_average_recursive
AT0000938204,2023-10-03,127.94,prod_moving_average_recursive
AT0000938204,2023-10-04,127.93,prod_moving_average_recursive
AT0000938204,2023-10-05,127.9,prod_moving_average_recursive
AT0000938204,2023-10-06,127.88,prod_moving_average_recursive
AT0000908504,2023-09-25,26.06,prod_moving_average_recursive
AT0000908504,2023-09-26,26.08,prod_moving_average_recursive
AT0000908504,2023-09-27,26.1,prod_moving_average_recursive
AT0000908504,2023-09-28,26.12,prod_moving_average_recursive
AT0000908504,2023-09-29,26.14,prod_moving_average_recursive
AT0000908504,2023-10-02,26.16,prod_moving_average_recursive
AT0000908504,2023-10-03,26.19,prod_moving_average_recursive
AT0000908504,2023-10-04,26.21,prod_moving_average_recursive
AT0000908504,2023-10-05,26.22,prod_moving_average_recursive
AT0000908504,2023-10-06,26.24,prod_moving_average_recursive
AT0000A21KS2,2023-09-25,18.22,prod_moving_average_recursive
AT0000A21KS2,2023-09-26,18.24,prod_moving_average_recursive
AT0000A21KS2,2023-09-27,18.27,prod_moving_average_recursive
AT0000A21KS2,2023-09-28,18.29,prod_moving_average_recursive
AT0000A21KS2,2023-09-29,18.32,prod_moving_average_recursive
AT0000A21KS2,2023-10-02,18.35,prod_moving_average_recursive
AT0000A21KS2,2023-10-03,18.37,prod_moving_average_recursive
AT0000A21KS2,2023-10-04,18.4,prod_moving_average_recursive
AT0000A21KS2,2023-10-05,18.42,prod_moving_average_recursive
AT0000A21KS2,2023-10-06,18.45,prod_moving_average_recursive
AT0000641352,2023-09-25,30.85,prod_moving_average_recursive
AT0000641352,2023-09-26,30.85,prod_moving_average_recursive
AT0000641352,2023-09-27,30.85,prod_moving_average_recursive
AT0000641352,2023-09-28,30.85,prod_moving_average_recursive
AT0000641352,2023-09-29,30.85,prod_moving_average_recursive
AT0000641352,2023-10-02,30.86,prod_moving_average_recursive
AT0000641352,2023-10-03,30.86,prod_moving_average_recursive
AT0000641352,2023-10-04,30.86,prod_moving_average_recursive
AT0000641352,2023-10-05,30.86,prod_moving_average_recursive
AT0000641352,2023-10-06,30.86,prod_moving_average_recursive
AT0000821103,2023-09-25,7.57,prod_moving_average_recursive
AT0000821103,2023-09-26,7.58,prod_moving_average_recursive
AT0000821103,2023-09-27,7.58,prod_moving_average_recursive
AT0000821103,2023-09-28,7.59,prod_moving_average_recursive
AT0000821103,2023-09-29,7.6,prod_moving_average_recursive
AT0000821103,2023-10-02,7.6,prod_moving_average_recursive
AT0000821103,2023-10-03,7.61,prod_moving_average_recursive
AT0000821103,2023-10-04,7.62,prod_moving_average_recursive
AT0000821103,2023-10-05,7.62,prod_moving_average_recursive
AT0000821103,2023-10-06,7.63,prod_moving_average_recursive
AT0000999982,2023-09-25,3090.45,prod_prophet
AT0000999982,2023-09-26,3023.49,prod_prophet
AT0000999982,2023-09-27,3026.04,prod_prophet
AT0000999982,2023-09-28,3029.49,prod_prophet
AT0000999982,2023-09-29,3035.98,prod_prophet
AT0000999982,2023-10-02,3028.01,prod_prophet
AT0000999982,2023-10-03,3027.15,prod_prophet
AT0000999982,2023-10-04,2961.65,prod_prophet
AT0000999982,2023-10-05,2897.59,prod_prophet
AT0000999982,2023-10-06,2900.14,prod_prophet
AT0000743059,2023-09-25,43.04,prod_prophet
AT0000743059,2023-09-26,40.98,prod_prophet
AT0000743059,2023-09-27,41.24,prod_prophet
AT0000743059,2023-09-28,41.48,prod_prophet
AT0000743059,2023-09-29,41.57,prod_prophet
AT0000743059,2023-10-02,41.51,prod_prophet
AT0000743059,2023-10-03,41.56,prod_prophet
AT0000743059,2023-10-04,39.58,prod_prophet
AT0000743059,2023-10-05,37.69,prod_prophet
AT0000743059,2023-10-06,37.94,prod_prophet
AT0000937503,2023-09-25,25.41,prod_prophet
AT0000937503,2023-09-26,24.73,prod_prophet
AT0000937503,2023-09-27,24.68,prod_prophet
AT0000937503,2023-09-28,24.63,prod_prophet
AT0000937503,2023-09-29,24.62,prod_prophet
AT0000937503,2023-10-02,24.33,prod_prophet
AT0000937503,2023-10-03,24.22,prod_prophet
AT0000937503,2023-10-04,23.56,prod_prophet
AT0000937503,2023-10-05,22.92,prod_prophet
AT0000937503,2023-10-06,22.87,prod_prophet
AT0000652011,2023-09-25,31.44,prod_prophet
AT0000652011,2023-09-26,30.45,prod_prophet
AT0000652011,2023-09-27,30.42,prod_prophet
AT0000652011,2023-09-28,30.39,prod_prophet
AT0000652011,2023-09-29,30.46,prod_prophet
AT0000652011,2023-10-02,30.41,prod_prophet
AT0000652011,2023-10-03,30.4,prod_prophet
AT0000652011,2023-10-04,29.45,prod_prophet
AT0000652011,2023-10-05,28.52,prod_prophet
AT0000652011,2023-10-06,28.49,prod_prophet
AT0000746409,2023-09-25,78.72,prod_prophet
AT0000746409,2023-09-26,78.24,prod_prophet
AT0000746409,2023-09-27,78.31,prod_prophet
AT0000746409,2023-09-28,78.77,prod_prophet
AT0000746409,2023-09-29,79.28,prod_prophet
AT0000746409,2023-10-02,79.27,prod_prophet
AT0000746409,2023-10-03,79.27,prod_prophet
AT0000746409,2023-10-04,78.8,prod_prophet
AT0000746409,2023-10-05,78.34,prod_prophet
AT0000746409,2023-10-06,78.42,prod_prophet
AT0000922554,2023-09-25,30.1,prod_prophet
AT0000922554,2023-09-26,29.62,prod_prophet
AT0000922554,2023-09-27,29.64,prod_prophet
AT0000922554,2023-09-28,29.66,prod_prophet
AT0000922554,2023-09-29,29.63,prod_prophet
AT0000922554,2023-10-02,29.71,prod_prophet
AT0000922554,2023-10-03,29.69,prod_prophet
AT0000922554,2023-10-04,29.21,prod_prophet
AT0000922554,2023-10-05,28.74,prod_prophet
AT0000922554,2023-10-06,28.76,prod_prophet
AT00000VIE62,2023-09-25,46.86,prod_prophet
AT00000VIE62,2023-09-26,46.91,prod_prophet
AT00000VIE62,2023-09-27,46.97,prod_prophet
AT00000VIE62,2023-09-28,46.88,prod_prophet
AT00000VIE62,2023-09-29,46.78,prod_prophet
AT00000VIE62,2023-10-02,46.86,prod_prophet
AT00000VIE62,2023-10-03,46.68,prod_prophet
AT00000VIE62,2023-10-04,46.73,prod_prophet
AT00000VIE62,2023-10-05,46.78,prod_prophet
AT00000VIE62,2023-10-06,46.83,prod_prophet
AT0000741053,2023-09-25,24.58,prod_prophet
AT0000741053,2023-09-26,24.4,prod_prophet
AT0000741053,2023-09-27,24.5,prod_prophet
AT0000741053,2023-09-28,24.67,prod_prophet
AT0000741053,2023-09-29,24.83,prod_prophet
AT0000741053,2023-10-02,24.85,prod_prophet
AT0000741053,2023-10-03,24.98,prod_prophet
AT0000741053,2023-10-04,24.82,prod_prophet
AT0000741053,2023-10-05,24.65,prod_prophet
AT0000741053,2023-10-06,24.76,prod_prophet
AT0000785555,2023-09-25,16.39,prod_prophet
AT0000785555,2023-09-26,16.01,prod_prophet
AT0000785555,2023-09-27,15.94,prod_prophet
AT0000785555,2023-09-28,15.88,prod_prophet
AT0000785555,2023-09-29,15.81,prod_prophet
AT0000785555,2023-10-02,15.62,prod_prophet
AT0000785555,2023-10-03,15.56,prod_prophet
AT0000785555,2023-10-04,15.19,prod_prophet
AT0000785555,2023-10-05,14.83,prod_prophet
AT0000785555,2023-10-06,14.77,prod_prophet
AT0000831706,2023-09-25,23.45,prod_prophet
AT0000831706,2023-09-26,23.06,prod_prophet
AT0000831706,2023-09-27,23.01,prod_prophet
AT0000831706,2023-09-28,22.97,prod_prophet
AT0000831706,2023-09-29,22.95,prod_prophet
AT0000831706,2023-10-02,22.81,prod_prophet
AT0000831706,2023-10-03,22.69,prod_prophet
AT0000831706,2023-10-04,22.31,prod_prophet
AT0000831706,2023-10-05,21.94,prod_prophet
AT0000831706,2023-10-06,21.89,prod_prophet
AT0000644505,2023-09-25,38.43,prod_prophet
AT0000644505,2023-09-26,38.21,prod_prophet
AT0000644505,2023-09-27,38.1,prod_prophet
AT0000644505,2023-09-28,38.17,prod_prophet
AT0000644505,2023-09-29,38.09,prod_prophet
AT0000644505,2023-10-02,37.71,prod_prophet
AT0000644505,2023-10-03,37.48,prod_prophet
AT0000644505,2023-10-04,37.26,prod_prophet
AT0000644505,2023-10-05,37.04,prod_prophet
AT0000644505,2023-10-06,36.93,prod_prophet
AT0000758305,2023-09-25,22.16,prod_prophet
AT0000758305,2023-09-26,21.64,prod_prophet
AT0000758305,2023-09-27,21.52,prod_prophet
AT0000758305,2023-09-28,21.43,prod_prophet
AT0000758305,2023-09-29,21.35,prod_prophet
AT0000758305,2023-10-02,21.21,prod_prophet
AT0000758305,2023-10-03,21.13,prod_prophet
AT0000758305,2023-10-04,20.63,prod_prophet
AT0000758305,2023-10-05,20.14,prod_prophet
AT0000758305,2023-10-06,20.02,prod_prophet
AT0000938204,2023-09-25,126.14,prod_prophet
AT0000938204,2023-09-26,124.3,prod_prophet
AT0000938204,2023-09-27,124.18,prod_prophet
AT0000938204,2023-09-28,124.22,prod_prophet
AT0000938204,2023-09-29,124.25,prod_prophet
AT0000938204,2023-10-02,123.75,prod_prophet
AT0000938204,2023-10-03,123.76,prod_prophet
AT0000938204,2023-10-04,121.97,prod_prophet
AT0000938204,2023-10-05,120.2,prod_prophet
AT0000938204,2023-10-06,120.08,prod_prophet
AT0000908504,2023-09-25,25.57,prod_prophet
AT0000908504,2023-09-26,25.09,prod_prophet
AT0000908504,2023-09-27,25.15,prod_prophet
AT0000908504,2023-09-28,25.19,prod_prophet
AT0000908504,2023-09-29,25.26,prod_prophet
AT0000908504,2023-10-02,25.28,prod_prophet
AT0000908504,2023-10-03,25.36,prod_prophet
AT0000908504,2023-10-04,24.89,prod_prophet
AT0000908504,2023-10-05,24.44,prod_prophet
AT0000908504,2023-10-06,24.5,prod_prophet
AT0000A21KS2,2023-09-25,17.64,prod_prophet
AT0000A21KS2,2023-09-26,17.09,prod_prophet
AT0000A21KS2,2023-09-27,17.06,prod_prophet
AT0000A21KS2,2023-09-28,17.09,prod_prophet
AT0000A21KS2,2023-09-29,17.06,prod_prophet
AT0000A21KS2,2023-10-02,17.04,prod_prophet
AT0000A21KS2,2023-10-03,17.12,prod_prophet
AT0000A21KS2,2023-10-04,16.58,prod_prophet
AT0000A21KS2,2023-10-05,16.07,prod_prophet
AT0000A21KS2,2023-10-06,16.04,prod_prophet
AT0000641352,2023-09-25,30.57,prod_prophet
AT0000641352,2023-09-26,30.3,prod_prophet
AT0000641352,2023-09-27,30.43,prod_prophet
AT0000641352,2023-09-28,30.5,prod_prophet
AT0000641352,2023-09-29,30.53,prod_prophet
AT0000641352,2023-10-02,30.56,prod_prophet
AT0000641352,2023-10-03,30.76,prod_prophet
AT0000641352,2023-10-04,30.49,prod_prophet
AT0000641352,2023-10-05,30.22,prod_prophet
AT0000641352,2023-10-06,30.36,prod_prophet
AT0000821103,2023-09-25,7.43,prod_prophet
AT0000821103,2023-09-26,7.28,prod_prophet
AT0000821103,2023-09-27,7.31,prod_prophet
AT0000821103,2023-09-28,7.31,prod_prophet
AT0000821103,2023-09-29,7.33,prod_prophet
AT0000821103,2023-10-02,7.34,prod_prophet
AT0000821103,2023-10-03,7.34,prod_prophet
AT0000821103,2023-10-04,7.2,prod_prophet
AT0000821103,2023-10-05,7.06,prod_prophet
AT0000821103,2023-10-06,7.08,prod_prophet
AT0000999982,2023-09-25,3190.98,prod_XGBRegressor
AT0000999982,2023-09-26,3198.45,prod_XGBRegressor
AT0000999982,2023-09-27,3193.49,prod_XGBRegressor
AT0000999982,2023-09-28,3201.47,prod_XGBRegressor
AT0000999982,2023-09-29,3152.45,prod_XGBRegressor
AT0000999982,2023-10-02,3151.79,prod_XGBRegressor
AT0000999982,2023-10-03,3171.83,prod_XGBRegressor
AT0000999982,2023-10-04,3182.46,prod_XGBRegressor
AT0000999982,2023-10-05,3172.47,prod_XGBRegressor
AT0000999982,2023-10-06,3162.76,prod_XGBRegressor
AT0000743059,2023-09-25,45.29,prod_XGBRegressor
AT0000743059,2023-09-26,46.22,prod_XGBRegressor
AT0000743059,2023-09-27,46.11,prod_XGBRegressor
AT0000743059,2023-09-28,46.17,prod_XGBRegressor
AT0000743059,2023-09-29,46.22,prod_XGBRegressor
AT0000743059,2023-10-02,46.15,prod_XGBRegressor
AT0000743059,2023-10-03,46.11,prod_XGBRegressor
AT0000743059,2023-10-04,46.29,prod_XGBRegressor
AT0000743059,2023-10-05,46.42,prod_XGBRegressor
AT0000743059,2023-10-06,46.74,prod_XGBRegressor
AT0000937503,2023-09-25,26.04,prod_XGBRegressor
AT0000937503,2023-09-26,25.84,prod_XGBRegressor
AT0000937503,2023-09-27,25.78,prod_XGBRegressor
AT0000937503,2023-09-28,25.81,prod_XGBRegressor
AT0000937503,2023-09-29,25.87,prod_XGBRegressor
AT0000937503,2023-10-02,25.99,prod_XGBRegressor
AT0000937503,2023-10-03,25.7,prod_XGBRegressor
AT0000937503,2023-10-04,25.86,prod_XGBRegressor
AT0000937503,2023-10-05,25.88,prod_XGBRegressor
AT0000937503,2023-10-06,25.87,prod_XGBRegressor
AT0000652011,2023-09-25,32.8,prod_XGBRegressor
AT0000652011,2023-09-26,32.93,prod_XGBRegressor
AT0000652011,2023-09-27,32.86,prod_XGBRegressor
AT0000652011,2023-09-28,32.76,prod_XGBRegressor
AT0000652011,2023-09-29,32.87,prod_XGBRegressor
AT0000652011,2023-10-02,32.78,prod_XGBRegressor
AT0000652011,2023-10-03,32.94,prod_XGBRegressor
AT0000652011,2023-10-04,32.93,prod_XGBRegressor
AT0000652011,2023-10-05,32.96,prod_XGBRegressor
AT0000652011,2023-10-06,33.22,prod_XGBRegressor
AT0000746409,2023-09-25,79.79,prod_XGBRegressor
AT0000746409,2023-09-26,78.91,prod_XGBRegressor
AT0000746409,2023-09-27,78.47,prod_XGBRegressor
AT0000746409,2023-09-28,78.15,prod_XGBRegressor
AT0000746409,2023-09-29,80.22,prod_XGBRegressor
AT0000746409,2023-10-02,79.12,prod_XGBRegressor
AT0000746409,2023-10-03,79.08,prod_XGBRegressor
AT0000746409,2023-10-04,78.76,prod_XGBRegressor
AT0000746409,2023-10-05,78.2,prod_XGBRegressor
AT0000746409,2023-10-06,78.29,prod_XGBRegressor
AT0000922554,2023-09-25,30.53,prod_XGBRegressor
AT0000922554,2023-09-26,30.37,prod_XGBRegressor
AT0000922554,2023-09-27,30.08,prod_XGBRegressor
AT0000922554,2023-09-28,30.04,prod_XGBRegressor
AT0000922554,2023-09-29,30.0,prod_XGBRegressor
AT0000922554,2023-10-02,30.21,prod_XGBRegressor
AT0000922554,2023-10-03,30.14,prod_XGBRegressor
AT0000922554,2023-10-04,30.07,prod_XGBRegressor
AT0000922554,2023-10-05,30.11,prod_XGBRegressor
AT0000922554,2023-10-06,30.19,prod_XGBRegressor
AT00000VIE62,2023-09-25,47.0,prod_XGBRegressor
AT00000VIE62,2023-09-26,46.84,prod_XGBRegressor
AT00000VIE62,2023-09-27,46.95,prod_XGBRegressor
AT00000VIE62,2023-09-28,46.92,prod_XGBRegressor
AT00000VIE62,2023-09-29,47.04,prod_XGBRegressor
AT00000VIE62,2023-10-02,47.35,prod_XGBRegressor
AT00000VIE62,2023-10-03,47.7,prod_XGBRegressor
AT00000VIE62,2023-10-04,47.56,prod_XGBRegressor
AT00000VIE62,2023-10-05,47.61,prod_XGBRegressor
AT00000VIE62,2023-10-06,47.63,prod_XGBRegressor
AT0000741053,2023-09-25,25.09,prod_XGBRegressor
AT0000741053,2023-09-26,24.99,prod_XGBRegressor
AT0000741053,2023-09-27,24.99,prod_XGBRegressor
AT0000741053,2023-09-28,25.15,prod_XGBRegressor
AT0000741053,2023-09-29,25.23,prod_XGBRegressor
AT0000741053,2023-10-02,25.47,prod_XGBRegressor
AT0000741053,2023-10-03,25.68,prod_XGBRegressor
AT0000741053,2023-10-04,25.68,prod_XGBRegressor
AT0000741053,2023-10-05,25.91,prod_XGBRegressor
AT0000741053,2023-10-06,26.15,prod_XGBRegressor
AT0000785555,2023-09-25,16.69,prod_XGBRegressor
AT0000785555,2023-09-26,17.2,prod_XGBRegressor
AT0000785555,2023-09-27,16.88,prod_XGBRegressor
AT0000785555,2023-09-28,16.78,prod_XGBRegressor
AT0000785555,2023-09-29,16.88,prod_XGBRegressor
AT0000785555,2023-10-02,16.7,prod_XGBRegressor
AT0000785555,2023-10-03,16.69,prod_XGBRegressor
AT0000785555,2023-10-04,17.06,prod_XGBRegressor
AT0000785555,2023-10-05,17.2,prod_XGBRegressor
AT0000785555,2023-10-06,16.74,prod_XGBRegressor
AT0000831706,2023-09-25,23.86,prod_XGBRegressor
AT0000831706,2023-09-26,23.65,prod_XGBRegressor
AT0000831706,2023-09-27,23.49,prod_XGBRegressor
AT0000831706,2023-09-28,23.53,prod_XGBRegressor
AT0000831706,2023-09-29,23.5,prod_XGBRegressor
AT0000831706,2023-10-02,23.63,prod_XGBRegressor
AT0000831706,2023-10-03,23.47,prod_XGBRegressor
AT0000831706,2023-10-04,23.13,prod_XGBRegressor
AT0000831706,2023-10-05,23.11,prod_XGBRegressor
AT0000831706,2023-10-06,23.02,prod_XGBRegressor
AT0000644505,2023-09-25,39.63,prod_XGBRegressor
AT0000644505,2023-09-26,39.6,prod_XGBRegressor
AT0000644505,2023-09-27,39.55,prod_XGBRegressor
AT0000644505,2023-09-28,39.56,prod_XGBRegressor
AT0000644505,2023-09-29,39.81,prod_XGBRegressor
AT0000644505,2023-10-02,38.75,prod_XGBRegressor
AT0000644505,2023-10-03,39.03,prod_XGBRegressor
AT0000644505,2023-10-04,39.29,prod_XGBRegressor
AT0000644505,2023-10-05,39.1,prod_XGBRegressor
AT0000644505,2023-10-06,39.42,prod_XGBRegressor
AT0000758305,2023-09-25,22.61,prod_XGBRegressor
AT0000758305,2023-09-26,22.72,prod_XGBRegressor
AT0000758305,2023-09-27,22.77,prod_XGBRegressor
AT0000758305,2023-09-28,22.69,prod_XGBRegressor
AT0000758305,2023-09-29,22.7,prod_XGBRegressor
AT0000758305,2023-10-02,22.81,prod_XGBRegressor
AT0000758305,2023-10-03,22.94,prod_XGBRegressor
AT0000758305,2023-10-04,22.94,prod_XGBRegressor
AT0000758305,2023-10-05,22.83,prod_XGBRegressor
AT0000758305,2023-10-06,23.01,prod_XGBRegressor
AT0000938204,2023-09-25,127.77,prod_XGBRegressor
AT0000938204,2023-09-26,127.55,prod_XGBRegressor
AT0000938204,2023-09-27,127.0,prod_XGBRegressor
AT0000938204,2023-09-28,128.6,prod_XGBRegressor
AT0000938204,2023-09-29,128.35,prod_XGBRegressor
AT0000938204,2023-10-02,128.37,prod_XGBRegressor
AT0000938204,2023-10-03,129.07,prod_XGBRegressor
AT0000938204,2023-10-04,127.94,prod_XGBRegressor
AT0000938204,2023-10-05,128.01,prod_XGBRegressor
AT0000938204,2023-10-06,127.91,prod_XGBRegressor
AT0000908504,2023-09-25,26.08,prod_XGBRegressor
AT0000908504,2023-09-26,26.09,prod_XGBRegressor
AT0000908504,2023-09-27,26.19,prod_XGBRegressor
AT0000908504,2023-09-28,26.21,prod_XGBRegressor
AT0000908504,2023-09-29,26.12,prod_XGBRegressor
AT0000908504,2023-10-02,26.1,prod_XGBRegressor
AT0000908504,2023-10-03,26.28,prod_XGBRegressor
AT0000908504,2023-10-04,26.42,prod_XGBRegressor
AT0000908504,2023-10-05,26.6,prod_XGBRegressor
AT0000908504,2023-10-06,26.79,prod_XGBRegressor
AT0000A21KS2,2023-09-25,18.25,prod_XGBRegressor
AT0000A21KS2,2023-09-26,18.3,prod_XGBRegressor
AT0000A21KS2,2023-09-27,18.38,prod_XGBRegressor
AT0000A21KS2,2023-09-28,18.47,prod_XGBRegressor
AT0000A21KS2,2023-09-29,18.52,prod_XGBRegressor
AT0000A21KS2,2023-10-02,18.62,prod_XGBRegressor
AT0000A21KS2,2023-10-03,18.59,prod_XGBRegressor
AT0000A21KS2,2023-10-04,18.59,prod_XGBRegressor
AT0000A21KS2,2023-10-05,18.55,prod_XGBRegressor
AT0000A21KS2,2023-10-06,18.5,prod_XGBRegressor
AT0000641352,2023-09-25,30.92,prod_XGBRegressor
AT0000641352,2023-09-26,31.15,prod_XGBRegressor
AT0000641352,2023-09-27,31.19,prod_XGBRegressor
AT0000641352,2023-09-28,31.36,prod_XGBRegressor
AT0000641352,2023-09-29,31.35,prod_XGBRegressor
AT0000641352,2023-10-02,31.49,prod_XGBRegressor
AT0000641352,2023-10-03,31.72,prod_XGBRegressor
AT0000641352,2023-10-04,31.78,prod_XGBRegressor
AT0000641352,2023-10-05,32.01,prod_XGBRegressor
AT0000641352,2023-10-06,31.99,prod_XGBRegressor
AT0000821103,2023-09-25,7.6,prod_XGBRegressor
AT0000821103,2023-09-26,7.61,prod_XGBRegressor
AT0000821103,2023-09-27,7.66,prod_XGBRegressor
AT0000821103,2023-09-28,7.71,prod_XGBRegressor
AT0000821103,2023-09-29,7.75,prod_XGBRegressor
AT0000821103,2023-10-02,7.82,prod_XGBRegressor
AT0000821103,2023-10-03,7.89,prod_XGBRegressor
AT0000821103,2023-10-04,7.88,prod_XGBRegressor
AT0000821103,2023-10-05,7.95,prod_XGBRegressor
AT0000821103,2023-10-06,8.0,prod_XGBRegressor
